GEOID18,GEO_ID,,,,,
1600000US3676089,1600000US3622065,,,,,
1600000US3601011,1600000US3601011,,,,,
1600000US3601594,1600000US3601594,,,,,
1600000US3602044,1600000US3602044,,,,,
1600000US3602374,1600000US3602374,,,,,
1600000US3602737,1600000US3602737,,,,,
1600000US3602968,1600000US3602968,,,,,
1600000US3603408,1600000US3603408,,,,,
1600000US3604055,1600000US3604055,,,,,
1600000US3604143,1600000US3604143,,,,,
1600000US3604154,1600000US3604154,,,,,
1600000US3604550,1600000US3604550,,,,,
1600000US3604803,1600000US3604803,,,,,
1600000US3604891,1600000US3604891,,,,,
1600000US3604913,1600000US3604913,,,,,
1600000US3604935,1600000US3604935,,,,,
1600000US3605034,1600000US3605034,,,,,
1600000US3605039,1600000US3605039,,,,,
1600000US3605639,1600000US3605639,,,,,
1600000US3605661,1600000US3605661,,,,,
1600000US3605672,1600000US3605672,,,,,
1600000US3605738,1600000US3605738,,,,,
1600000US3605771,1600000US3605771,,,,,
1600000US3606387,1600000US3606387,,,,,
1600000US3607069,1600000US3607069,,,,,
1600000US3607157,1600000US3607157,,,,,
1600000US3608026,1600000US3608026,,,,,
1600000US3608136,1600000US3608136,,,,,
1600000US3608323,1600000US3608323,,,,,
1600000US3609000,1600000US3609000,,,,,
1600000US3610132,1600000US3610132,,,,,
1600000US3611781,1600000US3611781,,,,,
1600000US3612419,1600000US3612419,,,,,
1600000US3613233,1600000US3613233,,,,,
1600000US3613376,1600000US3613376,,,,,
1600000US3613420,1600000US3613420,,,,,
1600000US3613442,1600000US3613442,,,,,
1600000US3613552,1600000US3613552,,,,,
1600000US3613618,1600000US3613618,,,,,
1600000US3616958,1600000US3616958,,,,,
1600000US3617530,1600000US3617530,,,,,
1600000US3618146,1600000US3618146,,,,,
1600000US3618157,1600000US3618157,,,,,
1600000US3618597,1600000US3618597,,,,,
1600000US3619466,1600000US3619466,,,,,
1600000US3619972,1600000US3619972,,,,,
1600000US3620379,1600000US3620379,,,,,
1600000US3620687,1600000US3620687,,,,,
1600000US3621578,1600000US3621578,,,,,
1600000US3621985,1600000US3621985,,,,,
1600000US3622183,1600000US3622183,,,,,
1600000US3622200,1600000US3622200,,,,,
1600000US3622260,1600000US3622260,,,,,
1600000US3622315,1600000US3622315,,,,,
1600000US3622447,1600000US3622447,,,,,
1600000US3622480,1600000US3622480,,,,,
1600000US3622502,1600000US3622502,,,,,
1600000US3622546,1600000US3622546,,,,,
1600000US3622612,1600000US3622612,,,,,
1600000US3622623,1600000US3622623,,,,,
1600000US3622733,1600000US3622733,,,,,
1600000US3622810,1600000US3622810,,,,,
1600000US3622832,1600000US3622832,,,,,
1600000US3622876,1600000US3622876,,,,,
1600000US3622980,1600000US3622980,,,,,
1600000US3623217,1600000US3623217,,,,,
1600000US3623316,1600000US3623316,,,,,
1600000US3624273,1600000US3624273,,,,,
1600000US3624405,1600000US3624405,,,,,
1600000US3625384,1600000US3625384,,,,,
1600000US3625417,1600000US3625417,,,,,
1600000US3625839,1600000US3625839,,,,,
1600000US3625923,1600000US3625923,,,,,
1600000US3626121,1600000US3626121,,,,,
1600000US3626264,1600000US3626264,,,,,
1600000US3626352,1600000US3626352,,,,,
1600000US3626946,1600000US3626946,,,,,
1600000US3627309,1600000US3627309,,,,,
1600000US3627485,1600000US3627485,,,,,
1600000US3628178,1600000US3628178,,,,,
1600000US3628189,1600000US3628189,,,,,
1600000US3628200,1600000US3628200,,,,,
1600000US3628990,1600000US3628990,,,,,
1600000US3629113,1600000US3629113,,,,,
1600000US3629245,1600000US3629245,,,,,
1600000US3629421,1600000US3629421,,,,,
1600000US3629509,1600000US3629509,,,,,
1600000US3630169,1600000US3630169,,,,,
1600000US3630191,1600000US3630191,,,,,
1600000US3630202,1600000US3630202,,,,,
1600000US3630213,1600000US3630213,,,,,
1600000US3630235,1600000US3630235,,,,,
1600000US3630543,1600000US3630543,,,,,
1600000US3630576,1600000US3630576,,,,,
1600000US3630581,1600000US3630581,,,,,
1600000US3630598,1600000US3630598,,,,,
1600000US3631445,1600000US3631445,,,,,
1600000US3631896,1600000US3631896,,,,,
1600000US3632094,1600000US3632094,,,,,
1600000US3632105,1600000US3632105,,,,,
1600000US3632732,1600000US3632732,,,,,
1600000US3632963,1600000US3632963,,,,,
1600000US3633139,1600000US3633139,,,,,
1600000US3634198,1600000US3634198,,,,,
1600000US3634286,1600000US3634286,,,,,
1600000US3634297,1600000US3634297,,,,,
1600000US3634308,1600000US3634308,,,,,
1600000US3634319,1600000US3634319,,,,,
1600000US3634374,1600000US3634374,,,,,
1600000US3635056,1600000US3635056,,,,,
1600000US3635254,1600000US3635254,,,,,
1600000US3636233,1600000US3636233,,,,,
1600000US3637022,1600000US3637022,,,,,
1600000US3637044,1600000US3637044,,,,,
1600000US3637583,1600000US3637583,,,,,
1600000US3637840,1600000US3637840,,,,,
1600000US3637847,1600000US3637847,,,,,
1600000US3637869,1600000US3637869,,,,,
1600000US3638022,1600000US3638022,,,,,
1600000US3638253,1600000US3638253,,,,,
1600000US3638539,1600000US3638539,,,,,
1600000US3639309,1600000US3639309,,,,,
1600000US3639672,1600000US3639672,,,,,
1600000US3639694,1600000US3639694,,,,,
1600000US3640530,1600000US3640530,,,,,
1600000US3640838,1600000US3640838,,,,,
1600000US3640937,1600000US3640937,,,,,
1600000US3641003,1600000US3641003,,,,,
1600000US3641432,1600000US3641432,,,,,
1600000US3641465,1600000US3641465,,,,,
1600000US3641487,1600000US3641487,,,,,
1600000US3641553,1600000US3641553,,,,,
1600000US3642081,1600000US3642081,,,,,
1600000US3642279,1600000US3642279,,,,,
1600000US3642554,1600000US3642554,,,,,
1600000US3643005,1600000US3643005,,,,,
1600000US3643192,1600000US3643192,,,,,
1600000US3643335,1600000US3643335,,,,,
1600000US3643874,1600000US3643874,,,,,
1600000US3644787,1600000US3644787,,,,,
1600000US3644792,1600000US3644792,,,,,
1600000US3644897,1600000US3644897,,,,,
1600000US3644908,1600000US3644908,,,,,
1600000US3645106,1600000US3645106,,,,,
1600000US3645139,1600000US3645139,,,,,
1600000US3645986,1600000US3645986,,,,,
1600000US3645997,1600000US3645997,,,,,
1600000US3646074,1600000US3646074,,,,,
1600000US3646085,1600000US3646085,,,,,
1600000US3646107,1600000US3646107,,,,,
1600000US3646140,1600000US3646140,,,,,
1600000US3646404,1600000US3646404,,,,,
1600000US3646514,1600000US3646514,,,,,
1600000US3646668,1600000US3646668,,,,,
1600000US3646976,1600000US3646976,,,,,
1600000US3647306,1600000US3647306,,,,,
1600000US3647405,1600000US3647405,,,,,
1600000US3647636,1600000US3647636,,,,,
1600000US3648054,1600000US3648054,,,,,
1600000US3648450,1600000US3648450,,,,,
1600000US3649066,1600000US3649066,,,,,
1600000US3649231,1600000US3649231,,,,,
1600000US3649330,1600000US3649330,,,,,
1600000US3649424,1600000US3649424,,,,,
1600000US3649825,1600000US3649825,,,,,
1600000US3650067,1600000US3650067,,,,,
1600000US3650397,1600000US3650397,,,,,
1600000US3650727,1600000US3650727,,,,,
1600000US3651286,1600000US3651286,,,,,
1600000US3651396,1600000US3651396,,,,,
1600000US3651418,1600000US3651418,,,,,
1600000US3651440,1600000US3651440,,,,,
1600000US3651495,1600000US3651495,,,,,
1600000US3651517,1600000US3651517,,,,,
1600000US3651528,1600000US3651528,,,,,
1600000US3652078,1600000US3652078,,,,,
1600000US3652188,1600000US3652188,,,,,
1600000US3653022,1600000US3653022,,,,,
1600000US3653198,1600000US3653198,,,,,
1600000US3653231,1600000US3653231,,,,,
1600000US3653253,1600000US3653253,,,,,
1600000US3653264,1600000US3653264,,,,,
1600000US3653275,1600000US3653275,,,,,
1600000US3653319,1600000US3653319,,,,,
1600000US3653396,1600000US3653396,,,,,
1600000US3653561,1600000US3653561,,,,,
1600000US3653748,1600000US3653748,,,,,
1600000US3653775,1600000US3653775,,,,,
1600000US3653792,1600000US3653792,,,,,
1600000US3653852,1600000US3653852,,,,,
1600000US3654056,1600000US3654056,,,,,
1600000US3654112,1600000US3654112,,,,,
1600000US3654144,1600000US3654144,,,,,
1600000US3654430,1600000US3654430,,,,,
1600000US3654441,1600000US3654441,,,,,
1600000US3654551,1600000US3654551,,,,,
1600000US3654562,1600000US3654562,,,,,
1600000US3654617,1600000US3654617,,,,,
1600000US3654705,1600000US3654705,,,,,
1600000US3655321,1600000US3655321,,,,,
1600000US3655992,1600000US3655992,,,,,
1600000US3656011,1600000US3656011,,,,,
1600000US3656660,1600000US3656660,,,,,
1600000US3656968,1600000US3656968,,,,,
1600000US3658409,1600000US3658409,,,,,
1600000US3658442,1600000US3658442,,,,,
1600000US3658475,1600000US3658475,,,,,
1600000US3658486,1600000US3658486,,,,,
1600000US3658497,1600000US3658497,,,,,
1600000US3658849,1600000US3658849,,,,,
1600000US3659157,1600000US3659157,,,,,
1600000US3659355,1600000US3659355,,,,,
1600000US3659377,1600000US3659377,,,,,
1600000US3659520,1600000US3659520,,,,,
1600000US3659531,1600000US3659531,,,,,
1600000US3660408,1600000US3660411,,,,,
1600000US3660422,1600000US3660422,,,,,
1600000US3661142,1600000US3661142,,,,,
1600000US3661665,1600000US3661665,,,,,
1600000US3661973,1600000US3661973,,,,,
1600000US3662066,1600000US3662066,,,,,
1600000US3663264,1600000US3663264,,,,,
1600000US3663319,1600000US3663319,,,,,
1600000US3663473,1600000US3663473,,,,,
1600000US3663506,1600000US3663506,,,,,
1600000US3663770,1600000US3663770,,,,,
1600000US3663792,1600000US3663792,,,,,
1600000US3663803,1600000US3663803,,,,,
1600000US3663814,1600000US3663814,,,,,
1600000US3664232,1600000US3664232,,,,,
1600000US3664430,1600000US3664430,,,,,
1600000US3664441,1600000US3664441,,,,,
1600000US3664452,1600000US3664452,,,,,
1600000US3664485,1600000US3664485,,,,,
1600000US3664584,1600000US3664584,,,,,
1600000US3664842,1600000US3664842,,,,,
1600000US3664881,1600000US3664881,,,,,
1600000US3665035,1600000US3665035,,,,,
1600000US3665409,1600000US3665409,,,,,
1600000US3666047,1600000US3666047,,,,,
1600000US3666058,1600000US3666058,,,,,
1600000US3666102,1600000US3666102,,,,,
1600000US3666212,1600000US3666212,,,,,
1600000US3666481,1600000US3666481,,,,,
1600000US3666828,1600000US3666828,,,,,
1600000US3666850,1600000US3666850,,,,,
1600000US3667048,1600000US3667048,,,,,
1600000US3667070,1600000US3667070,,,,,
1600000US3667191,1600000US3667191,,,,,
1600000US3667851,1600000US3667851,,,,,
1600000US3668374,1600000US3668374,,,,,
1600000US3668462,1600000US3668462,,,,,
1600000US3669001,1600000US3669001,,,,,
1600000US3669023,1600000US3669023,,,,,
1600000US3669188,1600000US3669188,,,,,
1600000US3669254,1600000US3669254,,,,,
1600000US3669452,1600000US3669452,,,,,
1600000US3669892,1600000US3669892,,,,,
1600000US3670387,1600000US3670387,,,,,
1600000US3671267,1600000US3671267,,,,,
1600000US3671608,1600000US3671608,,,,,
1600000US3671620,1600000US3671620,,,,,
1600000US3672554,1600000US3672554,,,,,
1600000US3673352,1600000US3673352,,,,,
1600000US3673605,1600000US3673605,,,,,
1600000US3675572,1600000US3675572,,,,,
1600000US3676089,1600000US3676089,,,,,
1600000US3676287,1600000US3676287,,,,,
1600000US3676331,1600000US3676331,,,,,
1600000US3676705,1600000US3676705,,,,,
1600000US3677519,1600000US3677519,,,,,
1600000US3677772,1600000US3677772,,,,,
1600000US3677805,1600000US3677805,,,,,
1600000US3678146,1600000US3678146,,,,,
1600000US3678575,1600000US3678575,,,,,
1600000US3679246,1600000US3679246,,,,,
1600000US3679301,1600000US3679301,,,,,
1600000US3679444,1600000US3679444,,,,,
1600000US3680170,1600000US3680170,,,,,
1600000US3680181,1600000US3680181,,,,,
1600000US3680186,1600000US3680186,,,,,
1600000US3680225,1600000US3680225,,,,,
1600000US3680258,1600000US3680258,,,,,
1600000US3680302,1600000US3680302,,,,,
1600000US3680885,1600000US3680885,,,,,
1600000US3681419,1600000US3681419,,,,,
1600000US3682117,1600000US3682117,,,,,
1600000US3682744,1600000US3682744,,,,,
1600000US3682942,1600000US3682942,,,,,
1600000US3682986,1600000US3682986,,,,,
1600000US3683294,1600000US3683294,,,,,
1600000US3683426,1600000US3683426,,,,,
0600000US0900104720,0600000US0900104720,,,,,
0600000US0900108070,0600000US0900108070,,,,,
0600000US0900108980,0600000US0900108980,,,,,
0600000US0900118500,0600000US0900118500,,,,,
0600000US0900118850,0600000US0900118850,,,,,
0600000US0900123890,0600000US0900123890,,,,,
0600000US0900126620,0600000US0900126620,,,,,
0600000US0900133620,0600000US0900133620,,,,,
0600000US0900148620,0600000US0900148620,,,,,
0600000US0900150580,0600000US0900150580,,,,,
0600000US0900150860,0600000US0900150860,,,,,
0600000US0900152980,0600000US0900152980,,,,,
0600000US0900156060,0600000US0900156060,,,,,
0600000US0900163480,0600000US0900163480,,,,,
0600000US0900163970,0600000US0900163970,,,,,
0600000US0900168170,0600000US0900168170,,,,,
0600000US0900168310,0600000US0900168310,,,,,
0600000US0900173070,0600000US0900173070,,,,,
0600000US0900174190,0600000US0900174190,,,,,
0600000US0900177200,0600000US0900177200,,,,,
0600000US0900183430,0600000US0900183430,,,,,
0600000US0900183500,0600000US0900183500,,,,,
0600000US0900186370,0600000US0900186370,,,,,
0600000US0900502760,0600000US0900502760,,,,,
0600000US0900504930,0600000US0900504930,,,,,
0600000US0900508210,0600000US0900508210,,,,,
0600000US0900510940,0600000US0900510940,,,,,
0600000US0900516050,0600000US0900516050,,,,,
0600000US0900517240,0600000US0900517240,,,,,
0600000US0900532290,0600000US0900532290,,,,,
0600000US0900537280,0600000US0900537280,,,,,
0600000US0900540290,0600000US0900540290,,,,,
0600000US0900543370,0600000US0900543370,,,,,
0600000US0900549460,0600000US0900549460,,,,,
0600000US0900551350,0600000US0900551350,,,,,
0600000US0900552630,0600000US0900552630,,,,,
0600000US0900553470,0600000US0900553470,,,,,
0600000US0900554030,0600000US0900554030,,,,,
0600000US0900560750,0600000US0900560750,,,,,
0600000US0900565930,0600000US0900565930,,,,,
0600000US0900566420,0600000US0900566420,,,,,
0600000US0900567960,0600000US0900567960,,,,,
0600000US0900575730,0600000US0900575730,,,,,
0600000US0900576570,0600000US0900576570,,,,,
0600000US0900579510,0600000US0900579510,,,,,
0600000US0900579720,0600000US0900579720,,,,,
0600000US0900580490,0600000US0900580490,,,,,
0600000US0900586440,0600000US0900586440,,,,,
0600000US0900587910,0600000US0900587910,,,,,
0600000US0900900000,0600000US0900900000,,,,,
0600000US0900901220,0600000US0900901220,,,,,
0600000US0900903250,0600000US0900903250,,,,,
0600000US0900904580,0600000US0900904580,,,,,
0600000US0900907310,0600000US0900907310,,,,,
0600000US0900914160,0600000US0900914160,,,,,
0600000US0900919550,0600000US0900919550,,,,,
0600000US0900922910,0600000US0900922910,,,,,
0600000US0900934950,0600000US0900934950,,,,,
0600000US0900935650,0600000US0900935650,,,,,
0600000US0900944560,0600000US0900944560,,,,,
0600000US0900946520,0600000US0900946520,,,,,
0600000US0900946940,0600000US0900946940,,,,,
0600000US0900947535,0600000US0900947535,,,,,
0600000US0900949950,0600000US0900949950,,,,,
0600000US0900952070,0600000US0900952070,,,,,
0600000US0900953890,0600000US0900953890,,,,,
0600000US0900954870,0600000US0900954870,,,,,
0600000US0900957600,0600000US0900957600,,,,,
0600000US0900958300,0600000US0900958300,,,,,
0600000US0900962290,0600000US0900962290,,,,,
0600000US0900967610,0600000US0900967610,,,,,
0600000US0900969640,0600000US0900969640,,,,,
0600000US0900978740,0600000US0900978740,,,,,
0600000US0900980070,0600000US0900980070,,,,,
0600000US0900982870,0600000US0900982870,,,,,
0600000US0900987560,0600000US0900987560,,,,,
0600000US0900987700,0600000US0900987700,,,,,
0600000US3400300700,0600000US3400300700,,,,,
0600000US3400301090,0600000US3400301090,,,,,
0600000US3400305170,0600000US3400305170,,,,,
0600000US3400306490,0600000US3400306490,,,,,
0600000US3400310480,0600000US3400310480,,,,,
0600000US3400313570,0600000US3400313570,,,,,
0600000US3400313810,0600000US3400313810,,,,,
0600000US3400315820,0600000US3400315820,,,,,
0600000US3400317530,0600000US3400317530,,,,,
0600000US3400318400,0600000US3400318400,,,,,
0600000US3400319510,0600000US3400319510,,,,,
0600000US3400320020,0600000US3400320020,,,,,
0600000US3400321300,0600000US3400321300,,,,,
0600000US3400321450,0600000US3400321450,,,,,
0600000US3400321480,0600000US3400321480,,,,,
0600000US3400321510,0600000US3400321510,,,,,
0600000US3400322470,0600000US3400322470,,,,,
0600000US3400322560,0600000US3400322560,,,,,
0600000US3400324420,0600000US3400324420,,,,,
0600000US3400324990,0600000US3400324990,,,,,
0600000US3400325770,0600000US3400325770,,,,,
0600000US3400326640,0600000US3400326640,,,,,
0600000US3400328680,0600000US3400328680,,,,,
0600000US3400330150,0600000US3400330150,,,,,
0600000US3400330420,0600000US3400330420,,,,,
0600000US3400330540,0600000US3400330540,,,,,
0600000US3400331920,0600000US3400331920,,,,,
0600000US3400332310,0600000US3400332310,,,,,
0600000US3400340020,0600000US3400340020,,,,,
0600000US3400340680,0600000US3400340680,,,,,
0600000US3400341100,0600000US3400341100,,,,,
0600000US3400342090,0600000US3400342090,,,,,
0600000US3400342750,0600000US3400342750,,,,,
0600000US3400344880,0600000US3400344880,,,,,
0600000US3400346110,0600000US3400346110,,,,,
0600000US3400347610,0600000US3400347610,,,,,
0600000US3400347700,0600000US3400347700,,,,,
0600000US3400351660,0600000US3400351660,,,,,
0600000US3400352320,0600000US3400352320,,,,,
0600000US3400353430,0600000US3400353430,,,,,
0600000US3400353610,0600000US3400353610,,,,,
0600000US3400353850,0600000US3400353850,,,,,
0600000US3400354870,0600000US3400354870,,,,,
0600000US3400354990,0600000US3400354990,,,,,
0600000US3400355770,0600000US3400355770,,,,,
0600000US3400355950,0600000US3400355950,,,,,
0600000US3400356130,0600000US3400356130,,,,,
0600000US3400361680,0600000US3400361680,,,,,
0600000US3400362910,0600000US3400362910,,,,,
0600000US3400362940,0600000US3400362940,,,,,
0600000US3400363000,0600000US3400363000,,,,,
0600000US3400363360,0600000US3400363360,,,,,
0600000US3400363690,0600000US3400363690,,,,,
0600000US3400363990,0600000US3400363990,,,,,
0600000US3400364170,0600000US3400364170,,,,,
0600000US3400365280,0600000US3400365280,,,,,
0600000US3400365340,0600000US3400365340,,,,,
0600000US3400365400,0600000US3400365400,,,,,
0600000US3400368970,0600000US3400368970,,,,,
0600000US3400372360,0600000US3400372360,,,,,
0600000US3400372420,0600000US3400372420,,,,,
0600000US3400372480,0600000US3400372480,,,,,
0600000US3400375140,0600000US3400375140,,,,,
0600000US3400376400,0600000US3400376400,,,,,
0600000US3400376490,0600000US3400376490,,,,,
0600000US3400377135,0600000US3400377135,,,,,
0600000US3400380270,0600000US3400380270,,,,,
0600000US3400382300,0600000US3400382300,,,,,
0600000US3400382570,0600000US3400382570,,,,,
0600000US3400383050,0600000US3400383050,,,,,
0600000US3401304695,0600000US3401304695,,,,,
0600000US3401306260,0600000US3401306260,,,,,
0600000US3401309250,0600000US3401309250,,,,,
0600000US3401311200,0600000US3401311200,,,,,
0600000US3401313045,0600000US3401313045,,,,,
0600000US3401319390,0600000US3401319390,,,,,
0600000US3401321840,0600000US3401321840,,,,,
0600000US3401322385,0600000US3401322385,,,,,
0600000US3401326610,0600000US3401326610,,,,,
0600000US3401334450,0600000US3401334450,,,,,
0600000US3401340890,0600000US3401340890,,,,,
0600000US3401343800,0600000US3401343800,,,,,
0600000US3401346380,0600000US3401346380,,,,,
0600000US3401347500,0600000US3401347500,,,,,
0600000US3401351000,0600000US3401351000,,,,,
0600000US3401352620,0600000US3401352620,,,,,
0600000US3401353680,0600000US3401353680,,,,,
0600000US3401364590,0600000US3401364590,,,,,
0600000US3401369274,0600000US3401369274,,,,,
0600000US3401375815,0600000US3401375815,,,,,
0600000US3401378510,0600000US3401378510,,,,,
0600000US3401379800,0600000US3401379800,,,,,
0600000US3401703580,0600000US3401703580,,,,,
0600000US3401719360,0600000US3401719360,,,,,
0600000US3401728650,0600000US3401728650,,,,,
0600000US3401730210,0600000US3401730210,,,,,
0600000US3401732250,0600000US3401732250,,,,,
0600000US3401736000,0600000US3401736000,,,,,
0600000US3401736510,0600000US3401736510,,,,,
0600000US3401752470,0600000US3401752470,,,,,
0600000US3401766570,0600000US3401766570,,,,,
0600000US3401774630,0600000US3401774630,,,,,
0600000US3401777930,0600000US3401777930,,,,,
0600000US3401779610,0600000US3401779610,,,,,
0600000US3401900550,0600000US3401900550,,,,,
0600000US3401905650,0600000US3401905650,,,,,
0600000US3401906370,0600000US3401906370,,,,,
0600000US3401909280,0600000US3401909280,,,,,
0600000US3401913720,0600000US3401913720,,,,,
0600000US3401913750,0600000US3401913750,,,,,
0600000US3401917170,0600000US3401917170,,,,,
0600000US3401918820,0600000US3401918820,,,,,
0600000US3401923700,0600000US3401923700,,,,,
0600000US3401924870,0600000US3401924870,,,,,
0600000US3401925350,0600000US3401925350,,,,,
0600000US3401926550,0600000US3401926550,,,,,
0600000US3401929460,0600000US3401929460,,,,,
0600000US3401931320,0600000US3401931320,,,,,
0600000US3401932460,0600000US3401932460,,,,,
0600000US3401937065,0600000US3401937065,,,,,
0600000US3401938610,0600000US3401938610,,,,,
0600000US3401939630,0600000US3401939630,,,,,
0600000US3401939660,0600000US3401939660,,,,,
0600000US3401946260,0600000US3401946260,,,,,
0600000US3401961920,0600000US3401961920,,,,,
0600000US3401962250,0600000US3401962250,,,,,
0600000US3401970980,0600000US3401970980,,,,,
0600000US3401972510,0600000US3401972510,,,,,
0600000US3401974420,0600000US3401974420,,,,,
0600000US3401978230,0600000US3401978230,,,,,
0600000US3402119780,0600000US3402119780,,,,,
0600000US3402122185,0600000US3402122185,,,,,
0600000US3402129310,0600000US3402129310,,,,,
0600000US3402131620,0600000US3402131620,,,,,
0600000US3402133150,0600000US3402133150,,,,,
0600000US3402133180,0600000US3402133180,,,,,
0600000US3402139510,0600000US3402139510,,,,,
0600000US3402157600,0600000US3402157600,,,,,
0600000US3402160900,0600000US3402160900,,,,,
0600000US3402163850,0600000US3402163850,,,,,
0600000US3402174000,0600000US3402174000,,,,,
0600000US3402180240,0600000US3402180240,,,,,
0600000US3402310750,0600000US3402310750,,,,,
0600000US3402315550,0600000US3402315550,,,,,
0600000US3402318490,0600000US3402318490,,,,,
0600000US3402319000,0600000US3402319000,,,,,
0600000US3402320230,0600000US3402320230,,,,,
0600000US3402330840,0600000US3402330840,,,,,
0600000US3402331470,0600000US3402331470,,,,,
0600000US3402334890,0600000US3402334890,,,,,
0600000US3402345690,0600000US3402345690,,,,,
0600000US3402345900,0600000US3402345900,,,,,
0600000US3402346620,0600000US3402346620,,,,,
0600000US3402347280,0600000US3402347280,,,,,
0600000US3402351210,0600000US3402351210,,,,,
0600000US3402352560,0600000US3402352560,,,,,
0600000US3402354705,0600000US3402354705,,,,,
0600000US3402358200,0600000US3402358200,,,,,
0600000US3402359010,0600000US3402359010,,,,,
0600000US3402359280,0600000US3402359280,,,,,
0600000US3402365790,0600000US3402365790,,,,,
0600000US3402368550,0600000US3402368550,,,,,
0600000US3402368790,0600000US3402368790,,,,,
0600000US3402369390,0600000US3402369390,,,,,
0600000US3402369420,0600000US3402369420,,,,,
0600000US3402369810,0600000US3402369810,,,,,
0600000US3402382000,0600000US3402382000,,,,,
0600000US3402500000,0600000US3402500000,,,,,
0600000US3402500070,0600000US3402500070,,,,,
0600000US3402500730,0600000US3402500730,,,,,
0600000US3402500760,0600000US3402500760,,,,,
0600000US3402501960,0600000US3402501960,,,,,
0600000US3402502110,0600000US3402502110,,,,,
0600000US3402502440,0600000US3402502440,,,,,
0600000US3402504930,0600000US3402504930,,,,,
0600000US3402506970,0600000US3402506970,,,,,
0600000US3402507750,0600000US3402507750,,,,,
0600000US3402514560,0600000US3402514560,,,,,
0600000US3402516660,0600000US3402516660,,,,,
0600000US3402519840,0600000US3402519840,,,,,
0600000US3402521570,0600000US3402521570,,,,,
0600000US3402522440,0600000US3402522440,,,,,
0600000US3402522950,0600000US3402522950,,,,,
0600000US3402525200,0600000US3402525200,,,,,
0600000US3402525230,0600000US3402525230,,,,,
0600000US3402530690,0600000US3402530690,,,,,
0600000US3402531500,0600000US3402531500,,,,,
0600000US3402532640,0600000US3402532640,,,,,
0600000US3402533300,0600000US3402533300,,,,,
0600000US3402534200,0600000US3402534200,,,,,
0600000US3402536480,0600000US3402536480,,,,,
0600000US3402536810,0600000US3402536810,,,,,
0600000US3402537560,0600000US3402537560,,,,,
0600000US3402540770,0600000US3402540770,,,,,
0600000US3402541010,0600000US3402541010,,,,,
0600000US3402541310,0600000US3402541310,,,,,
0600000US3402542990,0600000US3402542990,,,,,
0600000US3402543050,0600000US3402543050,,,,,
0600000US3402544070,0600000US3402544070,,,,,
0600000US3402544520,0600000US3402544520,,,,,
0600000US3402545990,0600000US3402545990,,,,,
0600000US3402546560,0600000US3402546560,,,,,
0600000US3402547130,0600000US3402547130,,,,,
0600000US3402549890,0600000US3402549890,,,,,
0600000US3402549920,0600000US3402549920,,,,,
0600000US3402554270,0600000US3402554270,,,,,
0600000US3402554570,0600000US3402554570,,,,,
0600000US3402562430,0600000US3402562430,,,,,
0600000US3402564410,0600000US3402564410,,,,,
0600000US3402565130,0600000US3402565130,,,,,
0600000US3402566240,0600000US3402566240,,,,,
0600000US3402566330,0600000US3402566330,,,,,
0600000US3402567350,0600000US3402567350,,,,,
0600000US3402567365,0600000US3402567365,,,,,
0600000US3402570110,0600000US3402570110,,,,,
0600000US3402570140,0600000US3402570140,,,,,
0600000US3402573020,0600000US3402573020,,,,,
0600000US3402574540,0600000US3402574540,,,,,
0600000US3402574900,0600000US3402574900,,,,,
0600000US3402576460,0600000US3402576460,,,,,
0600000US3402579310,0600000US3402579310,,,,,
0600000US3402706610,0600000US3402706610,,,,,
0600000US3402706640,0600000US3402706640,,,,,
0600000US3402709040,0600000US3402709040,,,,,
0600000US3402712100,0600000US3402712100,,,,,
0600000US3402712130,0600000US3402712130,,,,,
0600000US3402712580,0600000US3402712580,,,,,
0600000US3402712610,0600000US3402712610,,,,,
0600000US3402717650,0600000US3402717650,,,,,
0600000US3402718070,0600000US3402718070,,,,,
0600000US3402719210,0600000US3402719210,,,,,
0600000US3402723910,0600000US3402723910,,,,,
0600000US3402729550,0600000US3402729550,,,,,
0600000US3402729700,0600000US3402729700,,,,,
0600000US3402734980,0600000US3402734980,,,,,
0600000US3402737110,0600000US3402737110,,,,,
0600000US3402740290,0600000US3402740290,,,,,
0600000US3402741362,0600000US3402741362,,,,,
0600000US3402742510,0600000US3402742510,,,,,
0600000US3402745330,0600000US3402745330,,,,,
0600000US3402745360,0600000US3402745360,,,,,
0600000US3402746860,0600000US3402746860,,,,,
0600000US3402747670,0600000US3402747670,,,,,
0600000US3402748090,0600000US3402748090,,,,,
0600000US3402748210,0600000US3402748210,,,,,
0600000US3402748300,0600000US3402748300,,,,,
0600000US3402748480,0600000US3402748480,,,,,
0600000US3402748690,0600000US3402748690,,,,,
0600000US3402749080,0600000US3402749080,,,,,
0600000US3402750130,0600000US3402750130,,,,,
0600000US3402756460,0600000US3402756460,,,,,
0600000US3402758110,0600000US3402758110,,,,,
0600000US3402761890,0600000US3402761890,,,,,
0600000US3402763300,0600000US3402763300,,,,,
0600000US3402764050,0600000US3402764050,,,,,
0600000US3402764080,0600000US3402764080,,,,,
0600000US3402764980,0600000US3402764980,,,,,
0600000US3402775890,0600000US3402775890,,,,,
0600000US3402777240,0600000US3402777240,,,,,
0600000US3402780390,0600000US3402780390,,,,,
0600000US3402900000,0600000US3402900000,,,,,
0600000US3402903050,0600000US3402903050,,,,,
0600000US3402903130,0600000US3402903130,,,,,
0600000US3402903520,0600000US3402903520,,,,,
0600000US3402903940,0600000US3402903940,,,,,
0600000US3402904180,0600000US3402904180,,,,,
0600000US3402905305,0600000US3402905305,,,,,
0600000US3402907420,0600000US3402907420,,,,,
0600000US3402918670,0600000US3402918670,,,,,
0600000US3402930390,0600000US3402930390,,,,,
0600000US3402934530,0600000US3402934530,,,,,
0600000US3402934680,0600000US3402934680,,,,,
0600000US3402937380,0600000US3402937380,,,,,
0600000US3402937770,0600000US3402937770,,,,,
0600000US3402938550,0600000US3402938550,,,,,
0600000US3402939390,0600000US3402939390,,,,,
0600000US3402940560,0600000US3402940560,,,,,
0600000US3402941250,0600000US3402941250,,,,,
0600000US3402943140,0600000US3402943140,,,,,
0600000US3402943380,0600000US3402943380,,,,,
0600000US3402954300,0600000US3402954300,,,,,
0600000US3402954450,0600000US3402954450,,,,,
0600000US3402958590,0600000US3402958590,,,,,
0600000US3402959790,0600000US3402959790,,,,,
0600000US3402959880,0600000US3402959880,,,,,
0600000US3402959910,0600000US3402959910,,,,,
0600000US3402966450,0600000US3402966450,,,,,
0600000US3402966480,0600000US3402966480,,,,,
0600000US3402967110,0600000US3402967110,,,,,
0600000US3402969510,0600000US3402969510,,,,,
0600000US3402970320,0600000US3402970320,,,,,
0600000US3402971640,0600000US3402971640,,,,,
0600000US3402973125,0600000US3402973125,,,,,
0600000US3402974210,0600000US3402974210,,,,,
0600000US3403106340,0600000US3403106340,,,,,
0600000US3403113690,0600000US3403113690,,,,,
0600000US3403129070,0600000US3403129070,,,,,
0600000US3403130570,0600000US3403130570,,,,,
0600000US3403140620,0600000US3403140620,,,,,
0600000US3403153040,0600000US3403153040,,,,,
0600000US3403156550,0600000US3403156550,,,,,
0600000US3403157000,0600000US3403157000,,,,,
0600000US3403160090,0600000US3403160090,,,,,
0600000US3403161170,0600000US3403161170,,,,,
0600000US3403163150,0600000US3403163150,,,,,
0600000US3403173140,0600000US3403173140,,,,,
0600000US3403176730,0600000US3403176730,,,,,
0600000US3403177840,0600000US3403177840,,,,,
0600000US3403179460,0600000US3403179460,,,,,
0600000US3403182423,0600000US3403182423,,,,,
0600000US3403504450,0600000US3403504450,,,,,
0600000US3403505560,0600000US3403505560,,,,,
0600000US3403505590,0600000US3403505590,,,,,
0600000US3403506790,0600000US3403506790,,,,,
0600000US3403507180,0600000US3403507180,,,,,
0600000US3403507720,0600000US3403507720,,,,,
0600000US3403522890,0600000US3403522890,,,,,
0600000US3403524900,0600000US3403524900,,,,,
0600000US3403527510,0600000US3403527510,,,,,
0600000US3403531890,0600000US3403531890,,,,,
0600000US3403543620,0600000US3403543620,,,,,
0600000US3403546590,0600000US3403546590,,,,,
0600000US3403547580,0600000US3403547580,,,,,
0600000US3403553280,0600000US3403553280,,,,,
0600000US3403557300,0600000US3403557300,,,,,
0600000US3403561980,0600000US3403561980,,,,,
0600000US3403564320,0600000US3403564320,,,,,
0600000US3403568460,0600000US3403568460,,,,,
0600000US3403568730,0600000US3403568730,,,,,
0600000US3403576940,0600000US3403576940,,,,,
0600000US3403577600,0600000US3403577600,,,,,
0600000US3403701330,0600000US3403701330,,,,,
0600000US3403701360,0600000US3403701360,,,,,
0600000US3403707300,0600000US3403707300,,,,,
0600000US3403709160,0600000US3403709160,,,,,
0600000US3403724810,0600000US3403724810,,,,,
0600000US3403724930,0600000US3403724930,,,,,
0600000US3403725140,0600000US3403725140,,,,,
0600000US3403727420,0600000US3403727420,,,,,
0600000US3403729220,0600000US3403729220,,,,,
0600000US3403729490,0600000US3403729490,,,,,
0600000US3403729850,0600000US3403729850,,,,,
0600000US3403732910,0600000US3403732910,,,,,
0600000US3403737440,0600000US3403737440,,,,,
0600000US3403747430,0600000US3403747430,,,,,
0600000US3403751930,0600000US3403751930,,,,,
0600000US3403754660,0600000US3403754660,,,,,
0600000US3403765700,0600000US3403765700,,,,,
0600000US3403769690,0600000US3403769690,,,,,
0600000US3403770380,0600000US3403770380,,,,,
0600000US3403770890,0600000US3403770890,,,,,
0600000US3403771670,0600000US3403771670,,,,,
0600000US3403775740,0600000US3403775740,,,,,
0600000US3403776640,0600000US3403776640,,,,,
0600000US3403776790,0600000US3403776790,,,,,
0600000US3403905320,0600000US3403905320,,,,,
0600000US3403913150,0600000US3403913150,,,,,
0600000US3403915640,0600000US3403915640,,,,,
0600000US3403921000,0600000US3403921000,,,,,
0600000US3403922860,0600000US3403922860,,,,,
0600000US3403925800,0600000US3403925800,,,,,
0600000US3403931980,0600000US3403931980,,,,,
0600000US3403936690,0600000US3403936690,,,,,
0600000US3403940350,0600000US3403940350,,,,,
0600000US3403948510,0600000US3403948510,,,,,
0600000US3403951810,0600000US3403951810,,,,,
0600000US3403959190,0600000US3403959190,,,,,
0600000US3403961530,0600000US3403961530,,,,,
0600000US3403964620,0600000US3403964620,,,,,
0600000US3403964650,0600000US3403964650,,,,,
0600000US3403966060,0600000US3403966060,,,,,
0600000US3403970020,0600000US3403970020,,,,,
0600000US3403971430,0600000US3403971430,,,,,
0600000US3403974480,0600000US3403974480,,,,,
0600000US3403979040,0600000US3403979040,,,,,
0600000US3403981650,0600000US3403981650,,,,,
0600000US3404100670,0600000US3404100670,,,,,
0600000US3404101030,0600000US3404101030,,,,,
0600000US3404104990,0600000US3404104990,,,,,
0600000US3404106160,0600000US3404106160,,,,,
0600000US3404124960,0600000US3404124960,,,,,
0600000US3404125320,0600000US3404125320,,,,,
0600000US3404128260,0600000US3404128260,,,,,
0600000US3404128710,0600000US3404128710,,,,,
0600000US3404129820,0600000US3404129820,,,,,
0600000US3404130090,0600000US3404130090,,,,,
0600000US3404133060,0600000US3404133060,,,,,
0600000US3404133930,0600000US3404133930,,,,,
0600000US3404137320,0600000US3404137320,,,,,
0600000US3404140110,0600000US3404140110,,,,,
0600000US3404141490,0600000US3404141490,,,,,
0600000US3404143320,0600000US3404143320,,,,,
0600000US3404155530,0600000US3404155530,,,,,
0600000US3404158350,0600000US3404158350,,,,,
0600000US3404159820,0600000US3404159820,,,,,
0600000US3404177270,0600000US3404177270,,,,,
0600000US3404177300,0600000US3404177300,,,,,
0600000US3404180570,0600000US3404180570,,,,,
0600000US3602701693,0600000US3602701693,,,,,
0600000US3602705100,0600000US3602705100,,,,,
0600000US3602705452,0600000US3602705452,,,,,
0600000US3602716408,0600000US3602716408,,,,,
0600000US3602720819,0600000US3602720819,,,,,
0600000US3602721996,0600000US3602721996,,,,,
0600000US3602725978,0600000US3602725978,,,,,
0600000US3602737209,0600000US3602737209,,,,,
0600000US3602740299,0600000US3602740299,,,,,
0600000US3602747207,0600000US3602747207,,,,,
0600000US3602751891,0600000US3602751891,,,,,
0600000US3602756825,0600000US3602756825,,,,,
0600000US3602758156,0600000US3602758156,,,,,
0600000US3602758695,0600000US3602758695,,,,,
0600000US3602759641,0600000US3602759641,,,,,
0600000US3602759652,0600000US3602759652,,,,,
0600000US3602760905,0600000US3602760905,,,,,
0600000US3602761357,0600000US3602761357,,,,,
0600000US3602770662,0600000US3602770662,,,,,
0600000US3602776166,0600000US3602776166,,,,,
0600000US3602778157,0600000US3602778157,,,,,
0600000US3602778388,0600000US3602778388,,,,,
0600000US3605934000,0600000US3605934000,,,,,
0600000US3605953000,0600000US3605953000,,,,,
0600000US3605956000,0600000US3605956000,,,,,
0600000US3607107003,0600000US3607107003,,,,,
0600000US3607115308,0600000US3607115308,,,,,
0600000US3607118300,0600000US3607118300,,,,,
0600000US3607118916,0600000US3607118916,,,,,
0600000US3607119961,0600000US3607119961,,,,,
0600000US3607129553,0600000US3607129553,,,,,
0600000US3607130631,0600000US3607130631,,,,,
0600000US3607131907,0600000US3607131907,,,,,
0600000US3607134550,0600000US3607134550,,,,,
0600000US3607147042,0600000US3607147042,,,,,
0600000US3607147713,0600000US3607147713,,,,,
0600000US3607147999,0600000US3607147999,,,,,
0600000US3607148153,0600000US3607148153,,,,,
0600000US3607148857,0600000US3607148857,,,,,
0600000US3607150034,0600000US3607150034,,,,,
0600000US3607150045,0600000US3607150045,,,,,
0600000US3607150848,0600000US3607150848,,,,,
0600000US3607159388,0600000US3607159388,,,,,
0600000US3607175781,0600000US3607175781,,,,,
0600000US3607177992,0600000US3607177992,,,,,
0600000US3607178366,0600000US3607178366,,,,,
0600000US3607178839,0600000US3607178839,,,,,
0600000US3607182755,0600000US3607182755,,,,,
0600000US3607912529,0600000US3607912529,,,,,
0600000US3607939331,0600000US3607939331,,,,,
0600000US3607956748,0600000US3607956748,,,,,
0600000US3607957584,0600000US3607957584,,,,,
0600000US3607960147,0600000US3607960147,,,,,
0600000US3607968924,0600000US3607968924,,,,,
0600000US3608715968,0600000US3608715968,,,,,
0600000US3608732765,0600000US3608732765,,,,,
0600000US3608755211,0600000US3608755211,,,,,
0600000US3608760510,0600000US3608760510,,,,,
0600000US3608771674,0600000US3608771674,,,,,
0600000US3610304000,0600000US3610304000,,,,,
0600000US3610310000,0600000US3610310000,,,,,
0600000US3610322194,0600000US3610322194,,,,,
0600000US3610337000,0600000US3610337000,,,,,
0600000US3610338000,0600000US3610338000,,,,,
0600000US3610361984,0600000US3610361984,,,,,
0600000US3610366839,0600000US3610366839,,,,,
0600000US3610368000,0600000US3610368000,,,,,
0600000US3610368473,0600000US3610368473,,,,,
0600000US3610369463,0600000US3610369463,,,,,
0600000US3610506310,0600000US3610506310,,,,,
0600000US3610511759,0600000US3610511759,,,,,
0600000US3610516661,0600000US3610516661,,,,,
0600000US3610520104,0600000US3610520104,,,,,
0600000US3610525241,0600000US3610525241,,,,,
0600000US3610526528,0600000US3610526528,,,,,
0600000US3610527573,0600000US3610527573,,,,,
0600000US3610534473,0600000US3610534473,,,,,
0600000US3610542235,0600000US3610542235,,,,,
0600000US3610543786,0600000US3610543786,,,,,
0600000US3610544809,0600000US3610544809,,,,,
0600000US3610549847,0600000US3610549847,,,,,
0600000US3610563176,0600000US3610563176,,,,,
0600000US3610573627,0600000US3610573627,,,,,
0600000US3610575759,0600000US3610575759,,,,,
0600000US3611120247,0600000US3611120247,,,,,
0600000US3611124691,0600000US3611124691,,,,,
0600000US3611128255,0600000US3611128255,,,,,
0600000US3611132116,0600000US3611132116,,,,,
0600000US3611137143,0600000US3611137143,,,,,
0600000US3611139727,0600000US3611139727,,,,,
0600000US3611139738,0600000US3611139738,,,,,
0600000US3611142994,0600000US3611142994,,,,,
0600000US3611145458,0600000US3611145458,,,,,
0600000US3611145722,0600000US3611145722,,,,,
0600000US3611150562,0600000US3611150562,,,,,
0600000US3611154749,0600000US3611154749,,,,,
0600000US3611158552,0600000US3611158552,,,,,
0600000US3611163011,0600000US3611163011,,,,,
0600000US3611163737,0600000US3611163737,,,,,
0600000US3611165299,0600000US3611165299,,,,,
0600000US3611166597,0600000US3611166597,,,,,
0600000US3611166674,0600000US3611166674,,,,,
0600000US3611175935,0600000US3611175935,,,,,
0600000US3611178828,0600000US3611178828,,,,,
0600000US3611183052,0600000US3611183052,,,,,
0600000US3611905320,0600000US3611905320,,,,,
0600000US3611918410,0600000US3611918410,,,,,
0600000US3611921820,0600000US3611921820,,,,,
0600000US3611930367,0600000US3611930367,,,,,
0600000US3611932413,0600000US3611932413,,,,,
0600000US3611942136,0600000US3611942136,,,,,
0600000US3611944842,0600000US3611944842,,,,,
0600000US3611948895,0600000US3611948895,,,,,
0600000US3611949011,0600000US3611949011,,,,,
0600000US3611949121,0600000US3611949121,,,,,
0600000US3611950078,0600000US3611950078,,,,,
0600000US3611950617,0600000US3611950617,,,,,
0600000US3611951693,0600000US3611951693,,,,,
0600000US3611953517,0600000US3611953517,,,,,
0600000US3611955541,0600000US3611955541,,,,,
0600000US3611956979,0600000US3611956979,,,,,
0600000US3611957012,0600000US3611957012,,,,,
0600000US3611959685,0600000US3611959685,,,,,
0600000US3611964309,0600000US3611964309,,,,,
0600000US3611964320,0600000US3611964320,,,,,
0600000US3611965442,0600000US3611965442,,,,,
0600000US3611968308,0600000US3611968308,,,,,
0600000US3611981677,0600000US3611981677,,,,,
0600000US3611984000,0600000US3611984000,,,,,
0600000US3611984077,0600000US3611984077,,,,,
0600000US3402160900,0600000US3402160915,,,,,